{
  "functions": {
    "source": "functions"
  },
  "firestore": {
    "rules": "firestore.rules"
  },
  "database": {
    "rules": "database.rules.json"
  },
  "storage": {
    "rules": "storage.rules"
  },
  "hosting": {
    "public": "web",
    "ignore": [
      "firebase.json",
      "**/.*",
      "**/node_modules/**"
    ]
  },
  "emulators": {
    "firestore": {
      "port": 8086
    },
    "database": {
      "port": 9006
    },
    "auth": {
      "port": 9099
    },
    "functions": {
      "port": 5001
    },
    "hosting": {
      "port": 5000
    },
    "storage": {
      "port": 9199
    },
    "ui": {
      "enabled": true,
      "port": 4000
    }
  }
}
